{"team_name": "TESTteam", "set_name": "VAL", "report_date": "02012026_16_56_02", "overall_scores": {"precision": 1.4999877440025795e-05, "recall": 1.4998789122146484e-05, "fmeasure (percentage)": 0.001}, "scores_per_subset": {"PB": {"precision": 1e-05, "recall": 1e-05, "f-measure": 1e-05}, "ME": {"precision": 1e-05, "recall": 1e-05, "f-measure": 1e-05}, "HB": {"precision": 0.6119402985074627, "recall": 0.061933534743202415, "f-measure": 0.11248285322359397}}, "scores_per_audiofile": {"BUK4_20171022_004304a.wav": {"precision": 1e-05, "recall": 1e-05, "f-measure": 1e-05}, "BUK5_20180921_015906a.wav": {"precision": 1e-05, "recall": 1e-05, "f-measure": 1e-05}, "BUK5_20161101_002104a.wav": {"precision": 1e-05, "recall": 1e-05, "f-measure": 1e-05}, "BUK4_20161011_000804.wav": {"precision": 1e-05, "recall": 1e-05, "f-measure": 1e-05}, "BUK1_20181013_023504.wav": {"precision": 1e-05, "recall": 1e-05, "f-measure": 1e-05}, "BUK1_20181011_001004.wav": {"precision": 1e-05, "recall": 1e-05, "f-measure": 1e-05}, "ME2.wav": {"precision": 1e-05, "recall": 1e-05, "f-measure": 1e-05}, "ME1.wav": {"precision": 1e-05, "recall": 1e-05, "f-measure": 1e-05}, "R4_cleaned recording_13-10-17.wav": {"precision": 0.6666666666666666, "recall": 0.10526315789473684, "f-measure": 0.18181818181818182}, "R4_cleaned recording_16-10-17.wav": {"precision": 0.8333333333333334, "recall": 0.16666666666666666, "f-measure": 0.2777777777777778}, "R4_cleaned recording_17-10-17.wav": {"precision": 0.5, "recall": 0.05555555555555555, "f-measure": 0.1}, "R4_cleaned recording_TEL_19-10-17.wav": {"precision": 0.8333333333333334, "recall": 0.09259259259259259, "f-measure": 0.16666666666666666}, "R4_cleaned recording_TEL_20-10-17.wav": {"precision": 0.6666666666666666, "recall": 0.0625, "f-measure": 0.11428571428571428}, "R4_cleaned recording_TEL_23-10-17.wav": {"precision": 0.9, "recall": 0.10714285714285714, "f-measure": 0.19148936170212766}, "R4_cleaned recording_TEL_24-10-17.wav": {"precision": 0.7142857142857143, "recall": 0.050505050505050504, "f-measure": 0.09433962264150944}, "R4_cleaned recording_TEL_25-10-17.wav": {"precision": 0.7, "recall": 0.0707070707070707, "f-measure": 0.12844036697247707}, "file_97_113.wav": {"precision": 1e-05, "recall": 1e-05, "f-measure": 1e-05}, "file_423_487.wav": {"precision": 0.3333333333333333, "recall": 0.03508771929824561, "f-measure": 0.06349206349206349}}}